{
    "spans":[

  {
    "name": "sample-span",
    "context": {
      "trace_id": "0x5b8aa5a2d2c872e8321cf37308d69df2",
      "span_id": "0x93564f51e1abe1c2"
    },
    "parent_id": "0x051581bf3cb55c13",
    "start_time": "2022-04-29T18:52:58.114492Z",
    "end_time": "2022-04-29T18:52:58.114631Z",
    "attributes": {
      "http.route": "some_route3"
    },
    "events": [
      {
        "name": "spans comprise traces, a trace is just a group of spans, chained from inital request to final response",
        "timestamp": "2022-04-29T18:52:58.114561Z",
        "attributes": {
          "event_attributes": 1
        }
      }
    ]
  },
  {
    "name": "hello-salutations",
    "context": {
      "trace_id": "0x5b8aa5a2d2c872e8321cf37308d69df2",
      "span_id": "0x93564f51e1abe1c2"
    },
    "parent_id": "0x93564f51e1abe1c2",
    "start_time": "2022-04-29T18:52:58.114492Z",
    "end_time": "2022-04-29T18:52:58.114631Z",
    "attributes": {
      "http.route": "some_route3"
    },
    "events": [
      {
        "name": "hey there!",
        "timestamp": "2022-04-29T18:52:58.114561Z",
        "attributes": {
          "event_attributes": 1
        }
      }
    ]
  },
  {
    "name": "open-telemetry-trace",
    "context": {
      "trace_id": "0x84f1d7b1a09280c387295b55d88b7f15",
      "span_id": "0x267e9e4d9fa21f81"
    },
    "parent_id": "0x93564f51e1abe1c2",
    "start_time": "2022-05-01T13:27:30.892311Z",
    "end_time": "2022-05-01T13:27:30.892446Z",
    "attributes": {
      "http.route": "some_route1"
    },
    "events": [
      {
        "name": "trace event occurred",
        "timestamp": "2022-05-01T13:27:30.892375Z",
        "attributes": {
          "event_attributes": 5
        }
      }
    ]
  },
  {
    "name": "data-processing",
    "context": {
      "trace_id": "0x7a2e66cc5e547f37a2552e8c8f23c0b5",
      "span_id": "0x4e5c94c156a2f278"
    },
    "parent_id": "0x93564f51e1abe1c2",
    "start_time": "2022-06-15T09:10:20.002301Z",
    "end_time": "2022-06-15T09:10:20.002438Z",
    "attributes": {
      "http.route": "data_processing_route"
    },
    "events": [
      {
        "name": "data processing initiated",
        "timestamp": "2022-06-15T09:10:20.002350Z",
        "attributes": {
          "event_attributes": 2
        }
      }
    ]
  },
  {
    "name": "user-authentication",
    "context": {
      "trace_id": "0xa5c3e2f8d688dcfcb77f3a8ee3201a49",
      "span_id": "0x5c9b60ad789d0f3e"
    },
    "parent_id": "0x4e5c94c156a2f278",
    "start_time": "2022-07-19T14:35:50.511234Z",
    "end_time": "2022-07-19T14:35:50.511375Z",
    "attributes": {
      "http.route": "user_authentication_route"
    },
    "events": [
      {
        "name": "user authentication started",
        "timestamp": "2022-07-19T14:35:50.511289Z",
        "attributes": {
          "event_attributes": 3
        }
      }
    ]
  },
  {
    "name": "data-retrieval",
    "context": {
      "trace_id": "0x96ec865d4f1eb89f998a9a20e66f144b",
      "span_id": "0x2f07f5c55c695ba8"
    },
    "parent_id": "0x4e5c94c156a2f278",
    "start_time": "2022-08-25T11:45:33.281432Z",
    "end_time": "2022-08-25T11:45:33.281587Z",
    "attributes": {
      "http.route": "data_retrieval_route"
    },
    "events": [
      {
        "name": "data retrieval process initiated",
        "timestamp": "2022-08-25T11:45:33.281487Z",
        "attributes": {
          "event_attributes": 4
        }
      }
    ]
  },
  {
    "name": "service-migration",
    "context": {
      "trace_id": "0x1f58b624a155f4e57ed2453c7eb3e611",
      "span_id": "0x7ebd091634514df0"
    },
    "parent_id": "0x820d97dce1e4cf42",
    "start_time": "2022-09-30T08:20:15.114992Z",
    "end_time": "2022-09-30T08:20:15.115110Z",
    "attributes": {
      "http.route": "service_migration_route"
    },
    "events": [
      {
        "name": "service migration started",
        "timestamp": "2022-09-30T08:20:15.115032Z",
        "attributes": {
          "event_attributes": 6
        }
      }
    ]
  },
  {
    "name": "data-validation",
    "context": {
      "trace_id": "0x4f1e4b096e61b8d7d6d5c7fe6a39077e",
      "span_id": "0x11a4f7c8ad6d9f42"
    },
    "parent_id": "0x2f07f5c55c695ba8",
    "start_time": "2022-10-12T16:55:40.440577Z",
    "end_time": "2022-10-12T16:55:40.440689Z",
    "attributes": {
      "http.route": "data_validation_route"
    },
    "events": [
      {
        "name": "data validation in progress",
        "timestamp": "2022-10-12T16:55:40.440625Z",
        "attributes": {
          "event_attributes": 7
        }
      }
    ]
  },
  {
    "name": "resource-monitoring",
    "context": {
      "trace_id": "0x681b7cf8b98e7d2c8a486c6d74b16bf5",
      "span_id": "0x3a79c1f6ab758d32"
    },
    "parent_id": "0x2f07f5c55c695ba8",
    "start_time": "2022-11-20T12:40:22.205116Z",
    "end_time": "2022-11-20T12:40:22.205240Z",
    "attributes": {
      "http.route": "resource_monitoring_route"
    },
    "events": [
      {
        "name": "resource monitoring initiated",
        "timestamp": "2022-11-20T12:40:22.205176Z",
        "attributes": {
          "event_attributes": 8
        }
      }
    ]
  },
  {
    "name": "performance-optimization",
    "context": {
      "trace_id": "0xe53d4c2a15f7a6bc5bf633e63b60c19e",
      "span_id": "0x82a300e4b6213d71"
    },
    "parent_id": "0x2f07f5c55c695ba8",
    "start_time": "2022-12-05T09:15:55.315018Z",
    "end_time": "2022-12-05T09:15:55.315137Z",
    "attributes": {
      "http.route": "performance_optimization_route"
    },
    "events": [
      {
        "name": "performance optimization in progress",
        "timestamp": "2022-12-05T09:15:55.315080Z",
        "attributes": {
          "event_attributes": 9
        }
      }
    ]
  },
  {
    "name": "error-handling",
    "context": {
      "trace_id": "0x6f499a2e8b1c2a6d48f118c0c16f0a64",
      "span_id": "0x1d62e6d118a99e3a"
    },
    "parent_id": "0x8cdebd88798d9e6b",
    "start_time": "2023-01-18T17:25:40.120120Z",
    "end_time": "2023-01-18T17:25:40.120238Z",
    "attributes": {
      "http.route": "error_handling_route"
    },
    "events": [
      {
        "name": "error handling initiated",
        "timestamp": "2023-01-18T17:25:40.120176Z",
        "attributes": {
          "event_attributes": 10
        }
      }
    ]
  },
  {
    "name": "data-processing",
    "context": {
      "trace_id": "0x89bfbd6a17b36a39549d470c5a3a34c8",
      "span_id": "0x634f87005e67431f"
    },
    "parent_id": "0x4e5c94c156a2f278",
    "start_time": "2022-06-15T09:11:25.123432Z",
    "end_time": "2022-06-15T09:11:25.123577Z",
    "attributes": {
      "http.route": "data_processing_route"
    },
    "events": [
      {
        "name": "data processing completed",
        "timestamp": "2022-06-15T09:11:25.123489Z",
        "attributes": {
          "event_attributes": 11
        }
      }
    ]
  },
  {
    "name": "user-authentication",
    "context": {
      "trace_id": "0x87e44e92a88e69369e15159eef12056c",
      "span_id": "0x1f98260d8e756bc5"
    },
    "parent_id": "0x5c9b60ad789d0f3e",
    "start_time": "2022-07-19T14:36:20.643234Z",
    "end_time": "2022-07-19T14:36:20.643377Z",
    "attributes": {
      "http.route": "user_authentication_route"
    },
    "events": [
      {
        "name": "user authentication completed",
        "timestamp": "2022-07-19T14:36:20.643289Z",
        "attributes": {
          "event_attributes": 12
        }
      }
    ]
  },
  {
    "name": "data-retrieval",
    "context": {
      "trace_id": "0x30fe79983d2eb65a76b76fe7e8947db8",
      "span_id": "0x3f65e2e190a3fbd7"
    },
    "parent_id": "0x2f07f5c55c695ba8",
    "start_time": "2022-08-25T11:46:10.412412Z",
    "end_time": "2022-08-25T11:46:10.412597Z",
    "attributes": {
      "http.route": "data_retrieval_route"
    },
    "events": [
      {
        "name": "data retrieval process completed",
        "timestamp": "2022-08-25T11:46:10.412479Z",
        "attributes": {
          "event_attributes": 13
        }
      }
    ]
  },
  {
    "name": "service-migration",
    "context": {
      "trace_id": "0xf6c2c4b3ff3522dcbb4dbd59ee63a8f6",
      "span_id": "0x1a34a5b8259ea3d4"
    },
    "parent_id": "0x7ebd091634514df0",
    "start_time": "2022-09-30T08:21:05.202412Z",
    "end_time": "2022-09-30T08:21:05.202547Z",
    "attributes": {
      "http.route": "service_migration_route"
    },
    "events": [
      {
        "name": "service migration completed",
        "timestamp": "2022-09-30T08:21:05.202469Z",
        "attributes": {
          "event_attributes": 14
        }
      }
    ]
  },
  {
    "name": "data-validation",
    "context": {
      "trace_id": "0x968cf48d25e5e1c67a38e2c4d2e5a245",
      "span_id": "0x7a32a58e2c20d163"
    },
    "parent_id": "0x11a4f7c8ad6d9f42",
    "start_time": "2022-10-12T16:56:20.542319Z",
    "end_time": "2022-10-12T16:56:20.542431Z",
    "attributes": {
      "http.route": "data_validation_route"
    },
    "events": [
      {
        "name": "data validation completed",
        "timestamp": "2022-10-12T16:56:20.542376Z",
        "attributes": {
          "event_attributes": 15
        }
      }
    ]
  },
  {
    "name": "resource-monitoring",
    "context": {
      "trace_id": "0x0ec8d6e2d4fda9e2baf111a1f8be1b4f",
      "span_id": "0x8c9a2a8c0d554fab"
    },
    "parent_id": "0x3a79c1f6ab758d32",
    "start_time": "2022-11-20T12:41:00.335174Z",
    "end_time": "2022-11-20T12:41:00.335290Z",
    "attributes": {
      "http.route": "resource_monitoring_route"
    },
    "events": [
      {
        "name": "resource monitoring completed",
        "timestamp": "2022-11-20T12:41:00.335233Z",
        "attributes": {
          "event_attributes": 16
        }
      }
    ]
  },
  {
    "name": "performance-optimization",
    "context": {
      "trace_id": "0x80b41cfb74889e38b21c27f384e64f77",
      "span_id": "0x1b26e6d041a8b590"
    },
    "parent_id": "0x82a300e4b6213d71",
    "start_time": "2022-12-05T09:16:35.452145Z",
    "end_time": "2022-12-05T09:16:35.452268Z",
    "attributes": {
      "http.route": "performance_optimization_route"
    },
    "events": [
      {
        "name": "performance optimization completed",
        "timestamp": "2022-12-05T09:16:35.452204Z",
        "attributes": {
          "event_attributes": 17
        }
      }
    ]
  },
  {
    "name": "error-handling",
    "context": {
      "trace_id": "0x74e377f325bd6b741b8f1612ee78de12",
      "span_id": "0x4e61ea2d30a8042f"
    },
    "parent_id": "0x1d62e6d118a99e3a",
    "start_time": "2023-01-18T17:26:15.273234Z",
    "end_time": "2023-01-18T17:26:15.273359Z",
    "attributes": {
      "http.route": "error_handling_route"
    },
    "events": [
      {
        "name": "error handling completed",
        "timestamp": "2023-01-18T17:26:15.273298Z",
        "attributes": {
          "event_attributes": 18
        }
      }
    ]
  }  
]}